ABDELHAFED;JOIGNEAULT
BERTINE;RODZIELSKI
STEICY;LE DUNF
MONTACER;PEYRUT
DJALIM;DE LUZY DE PELISSAC
MALO;POING
SYRINE;POUCIN
NIKITA;NEZEE
FAROUQ;FITTERER
EYLÜL;TEKIN
CLEO;DETRAILLE
MUHAMMED-MUSTAFA;BOUGHLITA
RAYANI;AMSTUTZ
HERVE;BOHL
ABDENACER;REDERCHER
FERMIN;MAUCHAUSSE
KADRI;HAUTEMONT
RYLAN;IDER
NEYLANN;AVENEL
VANYLLE;LE MAOUT
TAÏCHA;MAHAIS
NAWAF;HECQUARD
JOHN;LUHAT
MAXAN;BANAIAS
LOVANA;KAAS
LANCINE;COCLE
KEI;HILSENKOPF
IZABELLE;GOUGES
ELLINOR;VOULGARIS
KAMAL;MANOTTE
SIRO;DENEFELD
JEAN-JOSÉ;GENDRIX
LYDA;SAFFIOTI
VIANE;ARAGOU
AURÉGANE;PUGLIESI
OYHANA;CERRILLO
LUCO;CHEVIRON
MARIAH;STAEHLI
LILIETTE;HERLICH
JEAN-MATHIS;MALSERVET
LAELIE;DELESNERAC-DEMENIVILLE
MILYANO;BAIVIER
DJOLAN;WAREMBOURG
CLAIRE-CHARLOTTE;DAUPHAS
DANAËL;CORONE
KASSI;GOEHRY
RATHANA;ADOR
CONSTANTINOS;SROCZYNSKI
DIYE;HEMAT
ABOU-BAKR;BEAUJEUX
DJAYAN;HADJOU
MARWIN;CONTIN
MARIE-SAMANTHA;ACERBI
TOÀN;FERRANDINI
YVES;RILAT
GOULVEN;MOURIES
LAMIN;DIGNON
LONAN;HORGUES
REDWAN;HERRADA
MAISSARA;FIXY
RHÉANE;BIAGGIONI
SELYA;ARNOLDI
JUAN-PABLO;MOUGNOZ
MAHIRA;MONTAUDOIN
EMIL;CORNUEZ
HARMONY;PALIERN
JUDIE;GHAFFARI
SALIMAH;PEYRILLER
ROJDA;DEMEERELEERE
MANY;GENU
MUNA;VANNARIEN
SKENDER;POILPRAY
KARL;BARRENECHEA
JOANÈS;LAUTREDOUX
NISANUR;CARCELLER
MARY-LISE;MICHAUD-BONNET
SABATINO;LAUBRON
AMÉLIE;CHARBAULT
ILLYNA;SCHELDEMAN
NIOUMA;LE DORIOL
FADETTE;NOIRJEAN
STEFANE;GAUSSAIL
JACKYE;CAVALLIE
ANAM;TOGNARELLI
AYMRIC;TREFEL
EZO;BISPE
NOWEN;EL GHAZI
JOVANIE;SORIO
LAZARINE;CAULEY
RAMBERT;PIERNA
RENÉ-MICHEL;BOUSSES
DAME;PARPINELLI
REYDA;BRAHAMI
AMARY;DE WAILLY
SENAMI;GUTBUB
DANILO;FRIHA
SIGFRID;PRINS
FARELL;BRUVIER
KETLEEN;QUILAN
WESSON;PONCHIE
DJASON;VARRET
WALLY;VITELLO
DÉVEN;COUANE
ANNE-VÉRONIQUE;CHAMPEVILLE
RASIT;GRINGORE
MAROUF;LAVAISSIERE
EDYSON;AUTROU
FRANÇOIS-LUC;DHERBECOURT
OTTMAR;IKLEF
MANUEL;QUEHEC
GABRYËL;KABOUS
YALY;DJORDJEVIC
SEYNABOU;OUARATTA
MARIE-PAULINE;HIMMELSPACH
EDWARD;BORNAREL
MATTEA;GORGEOT
SAAIDA;MOLINELLI
YBRAHIMA;MOUHAT
SOUMAYAH;LIESTA
HAYA-MOUCHKA;LARCHEY
IZDIHAR;SOUMANN
DJÉNABA;FOMPEYRINE
ABDELRAHMENE;OSIO
CASSILDE;TOUCHAT
SEFIANE;ESPARGILIERE
STEPHANE;BILLERES
LIEVIN;DAVONNEAU
YOSSRI;RUESCHE
MARIE-GUYLENE;BAGOT
SHIREEN;ROMANKOW
MAIYA;MAKACI
TIBÈRE;MATTUCCI
LIYES;STANISIC
ISSAN;LE DIVECHEN
AMIRAH;SIOURT
LUANNA;ABY
RAHAF;GRAISSAGUEL
MARIE-MERCEDES;GUIVET
ARCADE;GRAMPEIX
MARLYSE;NODET
MAELLYSS;BOURGLAN
RENÉE-MARIE;LE MAGADOU
CELIEN;FREIXES
GRACIANNE;BEHAGUE
BRANDON;BORAO
NAJEH;DELBAUVE
NOAÏM;BAHLOUL
TOUFIC;DESPAS
MARIE-THÉRÈZE;DAGMEY
ISSRA;BERAET
NEBOJSA;SONJON
PIERRELINE;MONNAIN
JOHNATHAN;BRICET
ABDESSLAM;RIVENS
PIERRE-MAURICE;FAGLAIN
AMADEUS;OZAN
ISLAM;BENABOUD
FLYNN;GOURITEN
NISMA;CASASOLA
ANESS;AKRAB
NAZLI;BRINGIA
ABDELLAZIZ;ZIZZO
HELENE;MIOLAN
RAÏKA;ZAWIERUCHA
LORELENE;PIEROT
LOUMEO;OULE
AJLA;DANGIEN
DAYRON;REYNAUD-CLEYET
FAHAD;DUSIGNE
YONUS;PAUZIES
HECHMI;COURBERAND
UGOLIN;MATTMULLER
GUS;FOURRER
SONIA;GIAMBRA
EULALIE;DONCE
NELS;FREDOUELLE
SLAWKO;PORTOLAN
MAELICK;PAYROT
WARIS;STEFFE
MARRY;BRYLKA
JOFREY;ORSINET
AMAZIR;TROCMEZ
SERIGNE-FALLOU;BODDIN
LAELIA;LODI
NONO;DUFFULER
KAITLINE;AFONSOEWA
ASIYE;NARCIN
ENAUT;GABANELLE
DIMITRIJE;FERRAS
YNOLA;FRASEZ
AHYNA;BENABDELLAZIZ
MOUA;MEYTRE
LÉNAËL;TREHEIN
SERGES;CAEN
DJIBA;REMUND
MELISSANDE;DAVODET
LERY;ZEGHMATI
MADANE;MALOLEPSY
NAGUI;ARGENTIERI
FELIXIANE;JILLIOT
DANIELO;NIERAT
CANTOR;MORADO
LYNAYA;BITTER
DJEMMEL;QUELEN
GHISLAIN;FOCH
KEATON;BELUSCA
SHAYLEEN;DUCAZEAUX
YAMEN;CUGNIET
AYYUB;DEHAGUE
ROLF;CANESE
NÉJI;DELCOURTE
NEEL;LAUTROU
JEAN-ALEXIS;DESPERIES
OCÉLIA;LARROUTIS
ZIYAN;DEGROND
LAILA;DARQUIER
FLORE;BUISSON-CHAVOT
SABIHA;DAFFLON
KAZIMIR;CHRETIEN
FREDRIK;KEBBOUR
RUDDY;CLAP
LIORIS;RHOR
OMAÏMA;AELTERS
ÉDITH;BENAZET
TAOS;BERRE
JACQUES-EMMANUEL;LAENNEC
CLAUDIAN;SEMACHE
MARIA-JULIA;LE FELT
LAZLO;DJEDA
CYRIANNE;NANIA
DINALY;CLEYET-MAREL
ITA;WILLENBUCHER
JÙLIANN;CROVETTO
SYNDA;BLOT
DIOLINDA;TAPONIER
YLÉNA;TITI
KESHA;FROMONT
SÉMI;NINACH
HIZIR;GRAUPNER
EMRÉ;SERET
AZAAN;LONJON
SOEL;BATSCH
MARUSKA;RASCAR
LOUEVA;SCOLARO
ZAIMA;DE CRAIEYE
ARLY;MONTERRIN
ANTONINO;HAROT
SEVANA;HEGENHAUSER
INNAYAH;REYE
IVERSON;INGWILLER
KADIATA;THIEFFIN
LOUDMILA;BANNER
MADELINE;RABAROT
JÉREMY;BECUE
THYFAINE;GABELLEC
LALE;CREMAILH
RIHAME;LHERSONNEAU
FESSAL;SAINT-ETIENNE
ATHOS;MAZZOCATO
MAURYNE;BASTA
APPOLONIE;ERNOUL
IZAAC;JOURNOLLEAU
FRANCELYSE;GUERLINGER
TAYZON;GUHEL
VIANETTE;VENDRISSE
ARTUR;VESSIE
TRUDY;GARDILLE
JURGEN;ALTARRIBA
ARISTIDE;CHEVALLARD
KOSTIA;HOBART
JUNON;CELARD
EMILIANA;COMPIGNIE
EILEEN;NISSOU
MEDYNA;LIGOIS
MELLINDA;MANGANELLI
MEI-LI;PANCHAU
NAOIL;LETUVE
ANNONCIADE;PRISCA
AGUSTINHO;CALANCA
AICHATA;CAUMES
CLARIUS;DERIEUX
JARON;MAINGUE
LEMMY;GRANDHAIE
GAÉTANE;BERNACKI
DELVINA;ARISOY
REYMOND;MAESANO
MARIA-ISABELLE;PENISSARD
VENDELIN;OLIVAS
LILITH;OULMIERE
SIMHA;CLAEYSEN
MARIE-ADELINE;PATERON
CHYRINE;SEMELAGNE
LAYÂ;REPICHET
YOWEN;DOROSZ
YVE;PETITARMAND
EDITA;COURADIN
ALBERTINA;ZAGARI
ELHAD;DAUCHET
NOLLANN;METTETAL
HYLDA;CHAUMENY
CIRINE;CASTINO
AZRA;ROCHELEMAGNE
SHEYLA;BADEZET
HAYATT;COUSSIRAT
JALAL;VINDIC
SOFINES;MONACO
STALLONE;BOURHOU
PHILIDOR;CHOINKA
CHAKIR;SCHILDER
NATHANEL;CHEBARDY
KRYSTELL;PELLATTIERO
GÜLER;RICHARD DE LATOUR
JOEY;RAJUSTEL
ERAN;SATCHE
SAOUSSENE;HOUISE
ABDELRAOUF;CLERAT
CLEMENTINA;WILSIUS
LORIANA;CORRENSON
CLAYTON;CASCAIL
LÉONNY;DOURGES
CLEMENT;LARRANDABURU
CHEMSSY;CHAUMARTIN
ARABELLE;CASSANET
NUNZIATINA;GRANDEMENGE
DREN;GARDARIN
FILIPPO;BURGOD-DERRIER
MYA;RAGOUIN
JÉSUS;QUESSON
KINGSLEY;LAVENAC
TOURKIA;COMETS
TAIEB;FONVIEILLE
KHADIDJAH;GATTUS
MOON;FURLOTTI
FILIPE;DUIVON
ELANIE;ERET
JAHÏNA;MANGANI
LINDSEY;DENEUFGERMAIN
KAMÏL;LARAVOIRE
DESTINY;DELAVOUX
MADELAINE;ZALEJSKI
FREEMAN;VIDA
AELITA;PIERACHE
ZALI;SCHAETZEL
TAMRA;WYLLEMAN
MANNAÏG;HEUTTE
ARGENTINA;VANPOPERYNGHE
NASSRI;OREAL
ILIACE;BERARDO
ANDRIENNE;DEVERGNE
SEÏF;TOMMASONE
RIZIKI;PHILAIRE
MARYVETTE;POULLENNEC
MYETTE;LETTIG
SHAUNA;COPETTE
VIRGINA;CHONE
FATILA;VERTHUY
NIRAJ;DELAVALLADE
BISSAN;SENTINELLE
KAILLY;VANHELLE
ANDREZE;CROULLIERE
DALLAL;JEANJOT
ILAYNA;FARRUGIA
MOLLA;MACCARINELLI
RICHELAINE;DANQUOINS
AMOUR;BENLOULOU
BERTHEA;TIMBERT
SEM;JUNCK
SOLÉANE;RIALLIN
ILIAM;VALABREGUE
JILLIAN;ULUTAS
KAÉLY;DERAGNE
MARIANNICK;LASBAREILLES
TOUSSAINTE;PRESNEAU
LAYSA;CHAMBELLON
CHIFAA;BLOUGORN
NATHAEL;GUIDUCCI
ABDELOUAHAD;HELLBRUNN
RAZI;CHAUVY
VALÉRIEN;SERDET
JUNINHO;MARTINAUX
ÉLISSA;DAHA
NAVY;MISTRETTA
STARKY;FUSIER
AWAB;POGGIOLI
ZOHAN;CONSOLIN
SOLYANA;LOUVIERS
RHIM;FALMET
AMYAS;BERNIA
MARIÈME;ALLARDET
JANUSZ;LE PENSEC
SAMAËL;BREUILLAUD
SYDNEY;TAMBOURINDEGUY
NOLWENN;ROEYE
LUDIWINE;THIBIEROZ
ROMANCE;LARTHOMAS
ZACHARIAH;CROSSOUARD
NITHYA;FRENOY
LILLINE;PALLIET
JAMIN;AOUAM
NAEMI;VENANCIO
ESAT;GUILLIER DE CHALVRON
YOAKIM;BATSIK
MARINA;LABEJOF
DABIHA;SCARZELLO
ZELI;GALASSI
NASSIB;DAILLEAU
ANGELIKA;D ABREU
VIRGIL;LOYZEAU DE GRANDMAISON
MARIE-LUCE;BIASUTTO
VILFRID;ORTALDA
JULES-ANTOINE;DAMMAERT
TYFFENE;TATENCLOUX
MICHEAL;COPIT
LYZIO;LAURENTON
NAÏSHA;PONTICQ
QUASSIM;GRESSE
FATA;VANDEKAN
KYRON;METTRAUX
GAVINA;PORION
JEANNE-HÉLÈNE;BENTOGLIO
ELISABELLE;AZEHAF
SULIANE;TREMEAC
MATTYAS;DOMARD
WYNONA;TUTTOBENE
PIERRE-AYMERIC;LAREZE
NARJIS;PENENT
JALE;MARAZANOFF
UTHMAN;LEPIONNIER
SADIYA;CABALOUE
MIRAN;PARTAGE
ANTIDE;CANQUERY
GILL;GOCHARD
ROBINSON;CALBO
BELKYS;JULES-ROSETTE
JYHANE;DURETZ
KAYSIA;COHEN-SCALI
ZEA;HAECKER
ZOHER;GREAUME
PHILIA;DEFLECHY
HILAIRE;DE VERBIZIER
MOHAMED-RIDA;CROTAT
HARDY;ALEXANDRON
TAÏSHA;FOBY
SOUMAYYA;TURAL
ELINO;BLOYER
EMILIAN;FESSY
NIKI;STURZEL
BRADELEY;MATTIAZZO
BÉCHIR;LASSARRADE
DIENA;MONGODIN
HELISE;DALBESIO
KAYTON;ECUER
TIANNA;COZAN
LANDELINE;DESQUAIRES
PAOLINO;DEVERT
NARJESSE;RUBEAU
THÉIA;BOISSIERE
KARAMOKO;CARRIQUIRY
ÉLOAN;MAZAMBA
SHIRANE;PELCE
ETHAN;DESMOLIN
ROYANN;TORCHEUX
N'GUESSAN;LABESSEDE
RITEJ;GOGARD
BORHANE;NICHOLAS
AERYS;PERROMAT
OIRDA;DARAKDJIAN
ADZO;FRANCHIN
NAÉMA;BISQUERT
AKO;MONTENACH
SENDE;GEERSSEN
CALLIXTE;CAMAIN
GULPERI;AMAND-JULES
GABRIËL;LAVALLE
WISSAM;ALLARDON
ESLINA;LE JOUBIOUX
SALIA;LE TERTRE
ALEXA;PHILIPPONNEAU
MEI-LIN;GAJNY
SAINT-JEAN;MADUBOST
NAHLAN;FURNO
KAIN;JUGNON
JAHELLE;DECOURVAL
LISANDRU;RASSIER
CICILIA;NININE
AHOUA;LUMINATI
MAYESS;MIRVILLE
LEONARDA;COLIBEAU
ABIR;PAULEE
LAID;COTTRAU
NEJOUA;RADOSZ
MAÉLI;BENEL
ABDELHAKIM;SICLAY
BRUME;ALLEZARD
HENRI-JOSEPH;WOLKER
IBTISSAM;HESBERT
THEREZA;LYONS
MAGGUY;SERVEL
GASTON;CANNEAU
VITINA;PHELINAS
ESLEM;BOUKA
ACHIM;SEGAILLAT
ALANZO;COMMINCAS
OURY;FULHABER
GULBAHAR;JANNEQUIN
STONY;DEWANNIEUX
AMINTHE;SABRI
BERENGERE;MARCINKIEWICZ
MORVAN;KARLESKIND
TAQWA;STORCK
AMIE;STATH
MARIE-ANDRÉE;MOIRIAT
MARGAULT;ROUGHOL
ELHAME;CHENEVAL-PALLUD
RONNIE;COHONER
DON-PIERRE;MORSALINE
VAHÉ;TOUPILLIER
ISSLAM;GUBBIOTTI
MATYSS;LARCHER
HENOCH;VIRICEL
SABIA;JON
PEPE;DEROCQ
TIDYANN;MOUTARLIER
FODIL;MAUGAS
NARDJES;DULOT
MIRELA;LAJUNIAS
YLINE;SINGAMOUTOU
CORRINE;SMIEJCZAK
SCARLETTE;MERNISSI
INES;KHATIM
CLOVIS;MONTELIMART
ALYSIA;GUIMAS
CASIMIRA;BROGNIEZ
NESET;PEYRUSSE
CATHÉRINE;STANFORD
SERIFE;MELCHIADE
MALIYAH;SIARD
MAYES;BOURGHELLE
JEANNE-SOPHIE;MOCKA
NACERDINE;RONCALEZ
BEYZA;LE THILY
NIYAZI;SIMON-JEAN
KHIM;CAUNIERE
BELINA;LEJAULT
MAYA;DUCLERCQ
NANTENE;SAYLIK
NEÏLLA;DUBOUILLE
ALLISSIA;DUC DIT CATTY
SULIMAN;BURGAUD
OUALIDE;ANAMPARELA
LIONELLA;PONTHONNIER
SYLVAN;MALKIEWICZ
KALIE;CELLAN
FRIEDE;EVANO
MANHA;ESOR
FÉDI;VANEZ
LY-LAN;GONIAUX
SHAYANN;COLIMARD
JARELL;DEYRA
NUCIA;ANEL
MANÈLE;BITTNER
ANGELOS;LAMBY
ATHÉNAÏS;GOURMOUD
TEWIS;D ARRAS
ESPERANCA;VANDERBEKEN
YOHANAN;CHERIT
EUPHRASIE;MONTAGNES
TSILIA;DEBRABANDER
AZZA;BRUGEAT
TAHIR;RIBUE
MORYNE;ZAAZOUA
AYSEL;GRANDVOINET
FRANCELYNE;KELLOU
PIERRE-ANTHONY;BERNAIS
SOPHIE-CHARLOTTE;LABASSE
NAYEF;LEPOIVRE
HÉDI;DEMANCHE
DJULIANE;LAMOTH
MILLIE;DOISNEL
BERTE;DUDKIEWICZ
ROSAMONDE;DELAMARD
RAJKO;AUSSIGNAC
LISALOU;TISSEROND
SHAINY;BRESCH
ENAM;LE CERF
SECIL;LEICHTWEISS
ATHINA;PERATOUT
JEYNA;BORDIS
NEPHTALIE;HALL
NADÉGE;GOTON
ROMA;GUILLIUM
LYSE-MARIE;PIATTI
ARBI;ABLAIN
BIBIANA;LEBARROIS
YOWAN;LUNVEN
MAHONE;LATAPPY
MOUMEN;MOUTOUCOUMARO
FRANÇOISE-MARIE;GUYOCHIN
NIA;GODAIS
ANYAH;MARAGNES
HAMIDA;DEL FABRO
ERROL;TAVERNIER
BENEDITE;SAUBADINE
NATASCHA;CHAULEY
IBRAHIMA;DAUBIAS
VANNI;AHOND
MAMMAR;ENTRAIGUES
LACENE;GOUDOUR
GLADIE;PILLENIERE
KEVORK;DONGUY
CASSIANA;DIEP
ALY;FISLI
ALYA;KERANTERFF
MORAYA;JACMART
NAJOUA;GIUSEPPI
JANET;FOIGNE
KARIDJA;MALAGUISE
NOELE;PONTIC
CLEOPHEE;D'ESPOSITO
BÉRENGER;GRISSOLANGE
SAIG;HUSSET
WALYD;VAN BRANTEGHEM
MAYLAN;MADUENO
KILLAN;LEDO
SIMEONIE;FAICT
SHAYNESE;ESTABLIER
RAMDAM;CYVOCT
SARAH-LÉA;TORTAT
EVINA;AYGALENQ
DIAHARA;ROUMANI
MAXIMILLIEN;AMIN
SOUNYA;MALIVOIR
KAMILAH;BOUTRIT
LYLLOU;FAIS
VITALIA;KULA
SYRIAN;CLERC
JANELE;LE GUILLOUZIC
GERIC;HUDZIK
SHELSEY;AKKAR
BELFIN;TRONNET
KÉNAËL;GASCH
ANTAR;ANDERSON
THÉLIA;ARYS
SYMON;LANDRO
DIYAR;ROMMELAERE
YOSR;GOERGEN
NORAN;DI DONNA
CEZAR;GRIFFATON
MAIWENN;VACA
CHAHINA;DUGOS
DOREEN;GOUTAUDIER
CARMELLO;BOUTIERES
SUZI;CACHOIRE
VITAL;AZALOT
DJAFER;SUZE
ALLASSANE;CAVADA
FATIMETOU;DOMINGUES DA SILVA
ZAOUDJATI;DIGREGORIO
ACHILLES;FALLUT
MOINAECHA;HECKY
CHAFI;ROLLAND-PIEGUE
NADINA;RAVOLET
SUSANE;CANTONI
CORANTIN;GENRE-GRANDPIERRE
JEAN-MICKAËL;DAUBIGE
BLERINA;VEDIS
TANSU;AUTHEBON
NILLA;KERIVEN
MELISSANE;BLATT
KYAN;ATIS
SOUANA;DARO
ELWINA;SAINT AMAND
EDRISS;CARRUT
NELLE;DARIE
PAUL-EMILIEN;LLENSE
SAFIATOU;BAZOCHE
KIMLY;LE COLLOTER
SAZIYE;DUVERGIER
FAYROUZ;CHIQUOT
GILLIA;CHAUVAT
SANJA;BONNAVAL
HANIFA;DINVAUX
HAFEDH;ORANGER
LILLO;VORILHON
WYLLIAM;SINAPI
KYRSTEN;QUERQUELIN
VEIA;VENI
GUYLLIAN;PRECLOUX
EUDOXIE;DE PIERO
THOMAS;KADOUS
TAEL;DERSY
MELIANE;ANNA
LASSEN;DUGUA
WILLYAMS;PIZZATO
RAFAELI;CHAMBEROD
LAILI;AYEL
MIZGIN;DELAITTRE
AERIN;MOHAD
LIENZO;HERFROY
ANAHE;CHUPIN
AYRONE;RISCHARD
EMILLY;POULE
CIARRA;SOURCIN
ALEKSY;FAVRIN
ASSANE;LORENZATI
TIMAEL;CALLIERES
DAYYAN;DELAURIES
OCULIA;JONNART
YVANNE;CHEBOUT
ANNE-FLORE;GUILLAUCOURT
OÏHAN;NEZRI
MARIE-CATHERINE;SURIANI
EMINE;MELGRANI
JOVANNA;JAA
FLORANE;KOCAHAL
ALYCE;CALCOEN
MALOAN;BOULU
ABDELHATIF;LESAVOUREY
AMADIS;GERBERON
NEVEN;BUGNIOT
MARY-FRANCE;PHILIPPARD
NANY;GARGUELLE
AZZEDINE;QUET
JEAN-CÉDRIC;LASVAUX
FADOUA;THIEVIN
MAIJA;BUCCIOL
SOFIANA;PAQUELIN
GURWAN;PIAS
DAHBIA;PUNZANO
MANAVAI;ALDON
LOËVA;DANZOY
MARIE-THÉRÈSE;RICHAR
TAILYS;DERDOUR
REDOINE;BAHOUCHE
MYLÀN;AURAY
GÉROME;ESTACE
NIKOLOZI;DANDON
DÉSIRÉE;BUTTET
YANNAËL;RUCHTY
AHMET;BIRSINGER
LONNIE;VRIN
JEAN-MATHIEU;KIM
EARINE;CLAMOTE
DAEL;PIERRE DE LA BRIERE
HEDY;DE JOANNIS DE VERCLOS
ENOCK;BEADES
JAMMEL;MOUVILLAT
ELENIE;CARUT
ILDEFONSE;BAILLIVET
KAYSSIA;DI GIUSEPPE
ELYAN;BOUBAHRI
MOHSEN;QUELLA
GURHAN;AHOUANSOU
CHEICK;LAIN
MARIA-ROSA;DA COSTA FARIA
MERCY;GRESSIEZ
LYNAËLLE;ANAVOIZARD
MICHEL-HENRI;SAMASSI
MAËLI;GUIZON
MOHAND-SAID;COUTEM
SANDJANA;LATTAQUE
REZLANE;CHIVORET
ALPASLAN;BOYARD
KYLE;KADIRI
GIOVANA;DEFOING
JEAN-MATHIAS;MEMIS
MOSTAFA;AUFORT
MIANGALY;HAMEDI
MELLY;LAGACY
NASSRADINE;URREA
HATIME;TRUNTZER
AURÉANE;ALTIER
SOUED;GERBEIX
KASIA;SAINTE-ROSE-FANCHINE
LUNA;PIQ
SAWYER;BALIX
NADIHA;DEVESSE
SOEN;VANDOMEL
SYLVANISE;BARBON
ZEPHYR;GUIZZO
HERRMANN;JUDEL
ALLIYA;CAISSE
ELVYNE;GARINET
TAHIS;LE BOSSENEC
ENNEMOND;THEISSE
SOUADOU;COT
MARLEN;SEIGNOL
JEANY;MESLEM
AYAZ;RIVOIRE
HELEA;MONGAYARD
ABLAYE;PATT
MEYMOUNA;MONGAUDON
ARNALDO;ANGELIER
ARMANT;BELLALA
ORTHENSE;RUFFLOCH
STANNY;ASNON
VELJKO;SENEPIN
KELYANE;THERESIN
MATEOS;VEDDA
MEYNA;MODENA
LENA-ROSE;FAVALORO
TEHA;GLASSET
MONTASSAR;LECEURS
MARION;GAJAN
NARJAS;KAES
JAHWAN;GERY
ELMIE;HAROUTUNIAN
ALLEL;KERZAZI
NOHEÏLA;LELAVECHEF
JEAN-HERVÉ;DERAM
MADIGATA;GIRARD DE VASSON
CHERAZE;CONNORD
WIDLEY;CAUGY
SOFIATOU;MATHIGOT
MOUHAMED-LAMINE;VERLAGUET
LIORYS;CRAVEIRO
LINUS;BERQUER
SYLVIANO;LAPLAZE
HERCULANO;SACHON
KAINOA;BARKATE
SIEGFRID;DU BOIS
TIMON;CHOCOT
KELIL;GUEHENEC
AÉLIE;STEPEC
TIJANIA;SPREAFICO
KANA;BRINON
RAYNAL;NORA
KESHIA;THABORE
CATHYA;SACCASYN
KENANN;FISCHETTI
CINTHYA;BODENREIDER
VANGELIS;SAINTE CROIX
ZACH;CHEURFA
ELYANAH;KEMPENEERS
TADJIDINE;TAOUTAOUI
SUZANA;VALIEMEN
GRACY;MASCARO
LYANE;WAMPFLER
JEAN-MARTIN;TOURNEMEULLE
YOUWEN;LAURENCO
LYORIS;MASOCCO
KOUSSO;VERVENNE
MËLYNA;GIRONELLA
KÉLIANA;SCHMELER
ANTONIO-MANUEL;BERNAVON
MARIA-FERNANDA;HAUROGNE
SIGRIDE;ALGER
CYNTIA;REFINE
FABIUS;FORTON
GUILMETTE;ASMA
MICKAËLLA;CRUAT
LOUIS-BENOÎT;EVA
YAKARE;GARBACIAK
MELKI;BUCHENET
JOSEPHE;BERTHINEAU
JUNIEN;URAS
LAUREA;JONCKEAU
SHIRYNE;ACETO
TRESSIE;LAVIGNE DU CADET
ANDREANE;COYETTE
CLAY;ALBAREDE
QUANTIN;QUIVRON
ELISANE;BARRILLON
BISSEN;GOULART
KHEMARA;RANCIEN
ABDOURAMANE;DOMAIRON
MALOH;FUMICHON
MILDREDE;LAMPOIGNANT
BORAN;DELZOR
NEJMEDDINE;MARRAN
DENZEY;KOULMANN
KAOTAR;CATELLIER
AMENIS;DESTICOURT
CLARA-LOU;SYLVANDER
LAORA;SURAT
MARY-FRANÇOISE;MINGEON
MAYELLE;SCHAAF
ADNAN;CHAUFFERIN
LILAN;AMIRENE
ZAHIDA;HERMELIN
INDIE;PACCIARELLI
ROSE-NOËLLE;JEANNEZ
NAYARA;VOUZELLE
ZOUHER;CAVALLUCCI
NIVETHAN;LEBAUX
FERDINE;PERICO
NATTY;BOCHNO
PHILLIPE;BUROU
JEAN-FRANCO;SAINT SOLIEUX
GASTONNE;TRELAT
AZIYADE;SHEEHAN
AIMA;SERAND
JEROMIA;TAFELSKI
TUDOR;COLLEN
CRISTINA-MARIA;MEZURAT
UMIT;GAILLOU
DALILA;NUVOLI
BERGAMOTE;TOUIL
STEFEN;THURM
DIEGA;SENTAURENS
LY;BURNEL
EMRICK;AMIEL-FOURTAS
MAELYCE;LECROART
KADJA;GIRONDELOT
ASHVINA;BENNABI
KEYRANN;FERROUILLAT
HARYS;MANNENT
MEJDI;REGA
ADHEMAR;GASDEBLAY
AMARINE;GREVILLOT
HUGH;CANNAUX
FAISAL;GUILHORRE
CASTIEL;CARIDI
SUBLIME;GANGA
NESTORINE;TROSSEAU
STEFAN;DOGLIANI
SIYAM;MOXHET
MATÉÏ;VIALELLES
KANELLE;ABREU
MOHAMED-RYAD;MAITO
SUMAYYAH;ARTIGUSSE
SOMALY;AIGNEL
IOAN;BOUSSOUSSA
ISSHAC;RONCARI
BEKTAS;QUENARD
ROAN;MOSCHETTO
BILEL;DE CARPENTIER
ALIE;SOUPRAYAPOULLE
WANESSA;PRENE
CONSOLACION;DARNAUZAN
NIAKY;HARBULOT
KAOUTHER;SUBIRY
NELSIA;GUIOVANNA
JEAN-RODOLPHE;CHAUCHAT
CLAUDIO;LATTEMANN
TÉHA;KUNA
TARECK;BANUS
DIONCOUNDA;BOUCHUT
MARCU-MARIA;WINNEPENNINCKX
AYIMANE;DEFONTAINE
EVREN;CURSOUX
NOVA;FLAMINI
MARIEM;COUDANNE
HOCINE;LE HOUX
SULYVAN;DESREAC
SIEGLINDE;BOULEE
LOUIS-HENRY;VERPLANKEN
LOUISE;JANOTY
LISE-ANGE;SAGARZAZU
RENAS;MADAGARD
ALTAY;CONTURIE
KHOUKHA;ROUDEY
HASSEIN;SIFOUANE
SAMANTA;VIALATEL
RENNY;JUEN
YSIA;LECLOU
TOUFICK;LANIEPCE
MUHAMED;HUWART
CHANESE;ROSIEK
LICIA;DASYLVA
ALDONCE;SACONNEY
JOEMY;DECOUZE
BENONY;BOUFFLET
ANJELA;SEIGRE
PIERJEAN;SACKEBANDT
NOURDINNE;ERIBON
KALIDIATOU;KULAK
YELLY;DALMACE
YLENNA;BROSSAMAIN
MICKAÊL;TERMINI
ANTONITA;VAN THIENEN
FIZA;DA COSTA MOREIRA
JOSET;PAOLINO
HANIFE;RENARDET
YLENZO;DUFFET
MAELISSE;CACHAT-ROSSET
DJAWEN;DANTRESSANGLE
MAURIZIO;DELALUQUE
MÉRIEM;LANGENBRONN
NOURREDINE;BENAICHOUCHE
LYSA;DESCOUST
EUZEBIO;THERET
HARRY;MENNEBOO
ROSALYA;PODICO
SIANAH;EST
ERONA;BARICALLA
JOUBERT;DURFORT
DELINA;GUITON
LOUISIANA;TRIAUD
CAGDAS;DERAIME
HACHIM;CAFFARD
FOLCO;MALABRY
WAINA;CRIEL
MANOUBIA;PRESTA
IZANA;TISSEIRE
ROD;KAMOWSKI
FANUEL;LAUSSAC
MOLIE;FERRON
ISHAAL;AURAIX
KELVYNN;CLERGOT
